[
  {
    "id": 1,
    "label": "📅 Academic Calendar (APEX)",
    "link": "https://example.com"
  },
  {
    "id": 2,
    "label": "Additional Duties for Faculties",
    "link": "#"
  },
  {
    "id": 3,
    "label": "Course Files",
    "link": "#"
  },
  {
    "id": 4,
    "label": "Daywise Task Tracker",
    "link": "#"
  },
  {
    "id": 5,
    "label": "End Term Question Paper Format",
    "link": "#"
  },
  {
    "id": 6,
    "label": "Event Report Format",
    "link": "#"
  },
  {
    "id": 7,
    "label": "Examination",
    "link": "#"
  },
  {
    "id": 8,
    "label": "Faculty and Student Achievements",
    "link": "#"
  },
  {
    "id": 9,
    "label": "Faculty Details",
    "link": "#"
  },
  {
    "id": 10,
    "label": "Faculty IDP",
    "link": "#"
  },
  {
    "id": 11,
    "label": "Faculty Monthly Task",
    "link": "#"
  },
  {
    "id": 12,
    "label": "Faculty Notes",
    "link": "#"
  },
  {
    "id": 13,
    "label": "Format: Reimbursement/Bills/Expense",
    "link": "#"
  },
  {
    "id": 14,
    "label": "iNurture Employee Handbook - 2023",
    "link": "#"
  },
  {
    "id": 15,
    "label": "Lab and Software Details",
    "link": "#"
  },
  {
    "id": 16,
    "label": "Teaching Methodology",
    "link": "#"
  },
  {
    "id": 17,
    "label": "Old Dashboard Link",
    "link": "#"
  },
  {
    "id": 18,
    "label": "Question Bank",
    "link": "#"
  },
  {
    "id": 19,
    "label": "Scheme and Syllabus",
    "link": "#"
  },
  {
    "id": 20,
    "label": "Sectioning Data (Student List Class Wise)",
    "link": "#"
  },
  {
    "id": 21,
    "label": "Student HackerRank Data",
    "link": "#"
  },
  {
    "id": 22,
    "label": "Students: Daily Count (Temporary Task)",
    "link": "#"
  },
  {
    "id": 23,
    "label": "Syllabus Tracker",
    "link": "#"
  }
]